{"0": [38.818323918351254, 33.52402999996693, 28.887880744793858, 23.932942668377834], "1": [35.75212391188005, 36.103477182604806, 35.40077064115529, 36.45654437172335, 36.80789764244811, 37.13696997405374, 37.46604230565937, 37.84139043389705, 38.20474113337826, 30.58294603624161, 31.71756001292352, 32.00207046629089, 32.5813748833883, 31.18453139245815, 30.774904896344893, 30.990858613961088, 31.457044417069064, 34.37584744167525, 34.692922344524426, 33.744494559895834, 34.06873251528685, 33.48009465059143, 40.403698432597125, 40.844175459798414, 41.28636640539348, 42.24935994352007, 42.72597957803133, 43.76962972849031], "2": [37.82425124995925, 32.57966096499452, 23.070841716306834, 28.051488568629548]}